<?xml version="1.0" encoding="UTF-8"?>
<ModelAnimator version="0.1">
    <model name="">
        <phase name="global" rotation="1,0,0,0" offset="0,0,0" scale="1"/>
        <phase type="idle">
            <part name="Body">
                <component name="1" posChange="0,0.65,0" length="20" startKey="0"/>
                <component name="2" posChange="0,-0.65,0" length="20" startKey="20"/>
            </part>
            <part name="*(.*)(_vine_pt1)(.*)">
                <component name="1" rotChange="30,0,0" length="20" startKey="0"/>
                <component name="2" rotChange="-30,0,0" length="20" startKey="20"/>
            </part>
            <part name="*(.*)(_vine_pt7)(.*)">
                <component name="1" rotChange="-20,0,0" length="20" startKey="0"/>
                <component name="2" rotChange="20,0,0" length="20" startKey="20"/>
            </part>
            <part name="*(.*)(sticker_base)">
                <component name="1" rotChange="-10,0,0" length="20" startKey="0"/>
                <component name="2" rotChange="10,0,0" length="20" startKey="20"/>
            </part>
        </phase>
    </model>
</ModelAnimator>
