<?xml version="1.0" encoding="UTF-8"?>
<ModelAnimator version="0.1">
    <model name="">
        <phase name="global" rotation="1,0,0,0" offset="0,0,0" scale="0.5"/>
        <metadata head="Head" headCap="-90,90" headAxis="2"/>
        <phase name="snakeIdle" parts="Tail_pt1:Tail_pt2:Tail_pt3:Tail_pt4:Tail_pt5" angle="20" axis="1" length="10"/>
		<phase name="quadWalk" leftHind="Left_thigh" rightHind="Right_thigh" leftFront="" rightFront="" duration="10"/>
        <phase type="flying">
            <part name="Right_Wing_pit">
                <component name="1" rotChange="0,0,-40" length="5" startKey="0"/>
                <component name="2" rotChange="0,0,40" length="5" startKey="5"/>
            </part>
            <part name="Left_Wing_pit">
                <component name="1" rotChange="0,0,40" length="5" startKey="0"/>
                <component name="2" rotChange="0,0,-40" length="5" startKey="5"/>
            </part>
            <part name="Right_Wing_bone_2">
                <component name="1" rotChange="0,0,-15" length="5" startKey="0"/>
                <component name="2" rotChange="0,0,15" length="5" startKey="5"/>
            </part>
            <part name="Left_Wing_bone_2">
                <component name="1" rotChange="0,0,15" length="5" startKey="0"/>
                <component name="2" rotChange="0,0,-15" length="5" startKey="5"/>
            </part>
            <part name="Right_Wing_bone_3">
                <component name="1"  rotOffset="-5,0, 0" rotChange="0,0,15" length="5" startKey="0"/>
                <component name="2" rotChange="0,0,-15" length="5" startKey="5"/>
            </part>
            <part name="Left_Wing_bone_3">
                <component name="1" rotOffset="-5,0, 0" rotChange="0,0,-15" length="5" startKey="0"/>
                <component name="2" rotChange="0,0,15" length="5" startKey="5"/>
            </part>
        </phase>
        <phase type="idle">
            <part name="Right_Wing_pit">
                <component name="1" rotOffset="0,0,-50" length="10" startKey="0"/>
            </part>
            <part name="Left_Wing_pit">
                <component name="1" rotOffset="0,0,50" length="10" startKey="0"/>
            </part>
            <part name="Right_Wing_bone_2">
                <component name="1" rotOffset="0,0,-5" length="10" startKey="0"/>
            </part>
            <part name="Left_Wing_bone_2">
                <component name="1" rotOffset="0,0,5" length="10" startKey="0"/>
            </part>
            <part name="Right_Wing_bone_3">
                <component name="1" rotOffset="-40,0,55" length="10" startKey="0"/>
            </part>
            <part name="Left_Wing_bone_3">
                <component name="1" rotOffset="-40,0,-55" length="10" startKey="0"/>
            </part>
        </phase>
        <phase type="walking">
            <part name="Right_Wing_pit">
                <component name="1" rotOffset="0,0,-50" length="10" startKey="0"/>
            </part>
            <part name="Left_Wing_pit">
                <component name="1" rotOffset="0,0,50" length="10" startKey="0"/>
            </part>
            <part name="Right_Wing_bone_2">
                <component name="1" rotOffset="0,0,-5" length="10" startKey="0"/>
            </part>
            <part name="Left_Wing_bone_2">
                <component name="1" rotOffset="0,0,5" length="10" startKey="0"/>
            </part>
            <part name="Right_Wing_bone_3">
                <component name="1" rotOffset="-40,0,55" length="10" startKey="0"/>
            </part>
            <part name="Left_Wing_bone_3">
                <component name="1" rotOffset="-40,0,-55" length="10" startKey="0"/>
            </part>
        </phase>
        <merges merge="idle->flying" />
        <merges merge="idle->walking" />
    </model>
    <details>
        <RIDDENOFFSET>0.4</RIDDENOFFSET>
    </details>
</ModelAnimator>
