<?xml version="1.0" encoding="UTF-8"?>
<ModelAnimator>
    <model>
        <phase name="global" rotation="1,0,0,0" offset="0,0,0" scale="0.8"/>
        <metadata headCap="-60,60" headAxis="1" headAxis2="0" headDir="1" head="head"/>
        <phase name="biWalk" leftLeg="leftleg" rightLeg="rightleg" leftArm="leftarm" rightArm="rightarm" duration="10" legAngle="45" armAngle="20"/>
        <customTex default="Charmeleon">
            <animation part="Flame" trigger="time" diffs="1,1,2,2,3,3,4,4"/>
            <part name="Body" tex="Charmeleon1"/>
        </customTex> 
    </model>
</ModelAnimator>
