<?xml version="1.0" encoding="UTF-8"?>
<ModelAnimator>
    <model>
        <phase name="global" rotation="1,0,0,0" offset="0,0,0" scale="1.0"/>
        <metadata headCap="-60,60" headAxis="1" headAxis2="0" headDir="1" head="head"/>
        <phase name="biWalk" leftLeg="leftleg" rightLeg="rightleg" leftArm="leftarm" rightArm="rightarm" duration="10" legAngle="45" armAngle="20"/>
        <customTex>
            <animation part="flame" trigger="sequence" diffs="0,0, 0,0, 0.125,0, 0.125,0, 0.25,0, 0.25,0, 0.375,0, 0.375,0"/>
        </customTex> 
        <phase type="flying">
            <part name="flame">
                <component name="1" startKey="0" length="20" rotOffset="40.0,-0.0,-0.0,"/>
            </part>
            <part name="wing1">
                <component name="1" startKey="0" length="10" rotChange="0.0,0.0,60.0,"/>
                <component name="2" startKey="10" length="10" rotChange="0.0,0.0,-60.0,"/>
            </part>
            <part name="tail1">
                <component name="NewComponent" startKey="0" length="10" rotOffset="28.0,-0.0,-0.0," rotChange="-17.0,0.0,0.0,"/>
                <component name="NewComponent" startKey="10" length="10" rotChange="17.0,0.0,0.0,"/>
            </part>
            <part name="tail3">
                <component name="NewComponent" startKey="0" length="10" rotOffset="28.0,-0.0,-0.0," rotChange="-15.0,0.0,0.0,"/>
                <component name="NewComponent" startKey="10" length="10" rotChange="15.0,0.0,0.0,"/>
            </part>
            <part name="wing2">
                <component name="1" startKey="0" length="10" rotChange="0.0,0.0,-60.0,"/>
                <component name="2" startKey="10" length="10" rotChange="0.0,0.0,60.0,"/>
            </part>
            <part name="head">
                <component name="NewComponent" startKey="0" length="20" rotOffset="49.0,-0.0,-0.0,"/>
            </part>
            <part name="body">
                <component name="1" startKey="0" length="20" rotOffset="-36.57000020742448,-0.0,-0.0,"/>
            </part>
            <part name="tail4">
                <component name="NewComponent" startKey="0" length="10" rotOffset="28.0,-0.0,-0.0," rotChange="-28.0,0.0,0.0,"/>
                <component name="NewComponent" startKey="10" length="10" rotChange="28.0,0.0,0.0,"/>
            </part>
            <part name="tail2">
                <component name="NewComponent" startKey="0" length="10" rotChange="35.0,0.0,0.0,"/>
                <component name="NewComponent" startKey="10" length="10" rotChange="-35.0,0.0,0.0,"/>
            </part>
        </phase>
        <phase type="idle">
        </phase>
        <phase type="walking">
            <part name="leftleg">
                <component name="NewComponent" startKey="0" length="10" rotOffset="-18.0,-0.0,-0.0," rotChange="-58.0,0.0,0.0,"/>
                <component name="NewComponent" startKey="10" length="10" rotChange="58.0,0.0,0.0,"/>
            </part>
            <part name="rightleg">
                <component name="NewComponent" startKey="0" length="10" rotOffset="40.0,-0.0,-0.0," rotChange="58.0,0.0,0.0,"/>
                <component name="NewComponent" startKey="10" length="10" rotChange="-58.0,0.0,0.0,"/>
            </part>
        </phase>
    </model>
    <details>
        <RIDDENOFFSET>0.7</RIDDENOFFSET>
    </details>
</ModelAnimator>
