<?xml version="1.0" encoding="UTF-8"?>
<ModelAnimator>
    <model>
        <phase name="global" rotation="1,0,0,0" offset="0,0,0" scale="0.7"/>
        <metadata headCap="-60,60" headAxis="1" headAxis2="0" headDir="1" head="head"/>
        <phase name="biWalk" leftLeg="leftleg" rightLeg="rightleg" leftArm="leftarm" rightArm="rightarm" duration="10" legAngle="45" armAngle="20"/>
        <customTex default="Charmander">
            <part name="Flame" tex="Charmander1"/>
            <animation part="Flame" trigger="sequence" diffs="0,0, 0,0, 0.125,0, 0.125,0, 0.25,0, 0.25,0, 0.375,0, 0.375,0"/>
        </customTex> 
    </model>
</ModelAnimator>
