<?xml version="1.0" encoding="UTF-8"?>
<ModelAnimator version="0.1">
    <model name="">
        <phase name="global" rotation="1,0,0,0" offset="0,0,0" scale="0.4" headAxis="1" headCap="-120,120"/>
        <metadata headCap="-60,60" headAxis="1" headAxis2="0" headDir="1" head="headleft:headright" />
        <phase name="biWalk" leftLeg="Left_leg" rightLeg="Right_leg" leftArm="" rightArm="" duration="10" legAngle="45" armAngle="50"/>
        <phase name="textures" male="M" female="F"/>
    </model>
    <details>
        <RIDDENOFFSET>0.6</RIDDENOFFSET>
    </details>
</ModelAnimator>
