<?xml version="1.0" encoding="UTF-8"?>
<ModelAnimator version="0.1">
    <model name="">
        <phase name="global" rotation="1,0,0,0" offset="0,0,0" scale="1.5" headAxis="-1" headCap="-50,50" headDir = "1"/>
        <metadata head="head" />
        <phase name="flap" duration="20" leftWing="leftWing1" rightWing="rightWing1" angle="45" axis="1" start="0"/>
        <phase name="flap" duration="20" leftWing="leftWing2" rightWing="rightWing2" angle="20" axis="1" start="0"/>
        <merges merge="idle->walking" />
    </model>
    <details>
        <RIDDENOFFSET>0.7</RIDDENOFFSET>
    </details>
</ModelAnimator>
