<?xml version="1.0" encoding="UTF-8"?>
<ModelAnimator version="0.1">
    <model name="">
        <phase name="global" rotation="1,0,0,0" offset="0,0,0" scale="1.0" headAxis="1" headCap="-50,50"/>
        <phase name="biWalk" leftLeg="leftfoot" rightLeg="rightfoot" leftArm="leftarm1:rightarm3" rightArm="rightarm1:leftarm3" duration="10" legAngle="45" armAngle="50"/>
        <metadata head="_" />
    </model>
    <details>
        <RIDDENOFFSET>0.95</RIDDENOFFSET>
    </details>
</ModelAnimator>
