<?xml version="1.0" encoding="UTF-8"?>
<ModelAnimator version="0.1">
    <model>
        <phase name="global" rotation="1,0,0,0" offset="0,0,0" scale="0.5"/>
        <phase name="quadWalk" leftHind="Left_thigh" rightHind="Right_thigh" leftFront="Left_leg" rightFront="Right_leg" duration="10" angle="50"/>
        <metadata head="Head" headCap="-90,90"/>
        <phase type="sitting">
            <part name="Body">
                <component name="1" rotOffset="40,0,0" length="1" startKey="0"/>
            </part>
            <part name="Left_leg">
                <component name="1" rotOffset="20,0,0" length="1" startKey="0"/>
            </part>
            <part name="Right_leg">
                <component name="1" rotOffset="20,0,0" length="1" startKey="0"/>
            </part>
            <part name="Body_front">
                <component name="1" rotOffset="-50,0,0" length="1" startKey="0"/>
            </part>
            <part name="*(Tail_main)(.*)">
                <component name="1" rotOffset="-30,0,0" length="20" startKey="0"/>
            </part>
            <part name="*(Tail_top)(.*)">
                <component name="1" rotOffset="-90,0,0" rotChange="0,10,0" length="20" startKey="0"/>
                <component name="2" rotChange="0,-10,0" length="20" startKey="20"/>
            </part>
            <part name="*(Tail_back_back)(.*)">
                <component name="1" rotOffset="15,0,0" rotChange="0,10,0" length="20" startKey="0"/>
                <component name="2" rotChange="0,-10,0" length="20" startKey="20"/>
            </part>
        </phase>
        <phase type="idle">
            <part name="*(Tail_main)(.*)">
                <component name="1" rotOffset="-10,0,0" length="20" startKey="0"/>
            </part>
            <part name="*(Tail_top)(.*)">
                <component name="1" rotOffset="-20,0,0" rotChange="0,10,0" length="20" startKey="0"/>
                <component name="2" rotChange="0,-10,0" length="20" startKey="20"/>
            </part>
            <part name="*(Tail_back_back)(.*)">
                <component name="1" rotOffset="15,0,0" rotChange="0,10,0" length="20" startKey="0"/>
                <component name="2" rotChange="0,-10,0" length="20" startKey="20"/>
            </part>
        </phase>
    </model>
</ModelAnimator>
