<?xml version="1.0" encoding="UTF-8"?>
<ModelAnimator version="0.1">
	<model name="Onix">
        <phase name="global" rotation="0,1,0,0" offset="0,0,0" scale="1.5,1.5,1.5"/>
        <metadata head="head" headCap="-90,90" headAxis2="2"/>
        <phase name="snakeWalk" parts="tail1:tail2:tail3:tail4:tail5:tail6:tail7:tail8"/>
        <phase type="idle">
            <part name="neck1">
                <component name="1" rotOffset="60,0,0" length="1" startKey="0"/>
            </part>
            <part name="neck2">
                <component name="1" rotOffset="-20,0,0" length="1" startKey="0"/>
            </part>
            <part name="neck3">
                <component name="1" rotOffset="-20,0,0" length="1" startKey="0"/>
            </part>
            <part name="head">
                <component name="1" rotOffset="-20,0,0" length="1" startKey="0"/>
            </part>
        </phase>
        <phase type="sitting">
            <part name="tail1">
                <component name="1" rotOffset="0,40,0" length="1" startKey="0"/>
            </part>
            <part name="tail2">
                <component name="1" rotOffset="0,40,0" length="1" startKey="0"/>
            </part>
            <part name="tail3">
                <component name="1" rotOffset="0,40,0" length="1" startKey="0"/>
            </part>
            <part name="tail4">
                <component name="1" rotOffset="0,40,0" length="1" startKey="0"/>
            </part>
            <part name="tail5">
                <component name="1" rotOffset="0,40,0" length="1" startKey="0"/>
            </part>
            <part name="tail6">
                <component name="1" rotOffset="0,20,0" length="1" startKey="0"/>
            </part>
            <part name="tail7">
                <component name="1" rotOffset="0,20,0" length="1" startKey="0"/>
            </part>
            <part name="tail8">
                <component name="1" rotOffset="0,20,0" length="1" startKey="0"/>
            </part>
            <part name="tail9">
                <component name="1" rotChange="0, 10,0" length="10" startKey="0"/>
                <component name="1" rotChange="0,-10,0" length="10" startKey="10"/>
            </part>
        </phase>
        <merges merge="idle->sitting" />
	</model>
    <details>
        <RIDDENOFFSET>0.4</RIDDENOFFSET>
    </details>
</ModelAnimator>


