<?xml version="1.0" encoding="UTF-8"?>
<ModelAnimator>
    <model>
        <phase name="global" rotation="1,0,0,0" offset="0,0,0" scale="1.3"/>
        <metadata headCap="-60,60" headAxis="1" headAxis2="0" headDir="1" head="head"/>
        <phase name="quadWalk" leftHind="leg2" rightHind="leg1" leftFront="leg4" rightFront="leg3" duration="10"/>
        <customTex default="Ponyta">
            <animation part="Flame" trigger="time" diffs="1,1,2,2,3,3,4,4"/>
            <part name="Body" tex="Ponyta1"/>
        </customTex> 
    </model>
    <details>
        <RIDDENOFFSET>0.4</RIDDENOFFSET>
    </details>
</ModelAnimator>
