<?xml version="1.0" encoding="UTF-8"?>
<ModelAnimator version="0.1">
    <model name="">
        <phase name="global" rotation="1,0,0,0" offset="0,0,0" scale="0.25" headAxis="1" headCap="-50,50"/>
        <merges merge="sitting->sleeping" />
    </model>
    <Pokemon name="Omanyte2" number="138">
        <STATS>
            <EVOLUTIONMODE>L40</EVOLUTIONMODE>
            <CAPTURERATE>45</CAPTURERATE>
            <EVOLUTIONANIMATION>tile crack_3</EVOLUTIONANIMATION>
            <SPECIES>Helix</SPECIES>
            <MOVEMENTTYPE>water</MOVEMENTTYPE>
            <MASSKG>7.5</MASSKG>
            <EVOLVESTO>Omastar2</EVOLVESTO>
            <EXPYIELD>71</EXPYIELD>
            <COMMONDROP>1:bone</COMMONDROP>
            <FOODMATERIAL>water</FOODMATERIAL>
            <BASEFRIENDSHIP>70</BASEFRIENDSHIP>
            <LOGIC shoulder="FALSE"/>
            <EXPERIENCEMODE>Medium Fast</EXPERIENCEMODE>
            <GENDERRATIO>31</GENDERRATIO>
            <SPECIALCASES>fossil day night</SPECIALCASES>
            <BASESTATS atk="40" def="100" hp="35" spatk="90" spd="35" spdef="55"/>
            <EVYIELD def="1"/>
            <SIZES height="0.4" length="0.4" width="0.4"/>
            <TYPE type1="Ground" type2="Water"/>
            <ABILITY hidden="Weak Armor" normal="Swift Swim, Shell Armor"/>
        </STATS>
        <MOVES>
            <MISC moves="TOXIC, HAIL, HIDDENPOWER, ICEBEAM, BLIZZARD, PROTECT, RAINDANCE, FRUSTRATION, SMACKDOWN, RETURN, DOUBLETEAM, SANDSTORM, ROCKTOMB, FACADE, REST, ATTRACT, THIEF, ROUND, SCALD, ROCKPOLISH, GYROBALL, ROCKSLIDE, SWAGGER, SLEEPTALK, SUBSTITUTE, ROCKSMASH, SECRETPOWER, CONFIDE, SURF, WATERFALL, DIVE, AURORABEAM, BIDE, BUBBLEBEAM, HAZE, KNOCKOFF, MUDDYWATER, REFLECTTYPE, SLAM, SPIKES, SUPERSONIC, TOXICSPIKES, WATERPULSE, WHIRLPOOL, WRINGOUT"/>
            <LVLUP lvl_1="CONSTRICT, WITHDRAW" lvl_10="WATERGUN"
                lvl_16="ROLLOUT" lvl_19="LEER" lvl_25="MUDSHOT"
                lvl_28="BRINE" lvl_34="PROTECT" lvl_37="ANCIENTPOWER"
                lvl_43="TICKLE" lvl_46="ROCKBLAST" lvl_50="SHELLSMASH"
                lvl_55="HYDROPUMP" lvl_7="BITE"/>
        </MOVES>
    </Pokemon>
</ModelAnimator>
