<?xml version="1.0" encoding="UTF-8"?>
<ModelAnimator version="0.1">
    <model name="">
        <phase name="global" rotation="1,0,0,0" offset="0,0,0" scale="0.6" headAxis="1" headCap="-50,50"/>
        <merges merge="sitting->sleeping" />
    </model>
    <Pokemon name="Omastar2" number="139">
        <STATS>
            <EVOLUTIONMODE>L-1</EVOLUTIONMODE>
            <CAPTURERATE>45</CAPTURERATE>
            <EVOLUTIONANIMATION>tile crack_3</EVOLUTIONANIMATION>
            <SPECIES>Helix</SPECIES>
            <MOVEMENTTYPE>water</MOVEMENTTYPE>
            <MASSKG>35.0</MASSKG>
            <EXPYIELD>173</EXPYIELD>
            <COMMONDROP>1:bone</COMMONDROP>
            <FOODMATERIAL>water</FOODMATERIAL>
            <BASEFRIENDSHIP>70</BASEFRIENDSHIP>
            <LOGIC shoulder="FALSE"/>
            <EXPERIENCEMODE>Medium Fast</EXPERIENCEMODE>
            <GENDERRATIO>31</GENDERRATIO>
            <BASESTATS atk="60" def="125" hp="70" spatk="115" spd="55" spdef="70"/>
            <EVYIELD def="2"/>
            <SIZES height="1.0" length="1.0" width="1.0"/>
            <TYPE type1="Ground" type2="Water"/>
            <ABILITY hidden="Weak Armor" normal="Swift Swim, Shell Armor"/>
        </STATS>
        <MOVES>
            <MISC moves="TOXIC, HAIL, HIDDENPOWER, ICEBEAM, BLIZZARD, HYPERBEAM, PROTECT, RAINDANCE, FRUSTRATION, SMACKDOWN, RETURN, DOUBLETEAM, SANDSTORM, ROCKTOMB, FACADE, REST, ATTRACT, THIEF, ROUND, SCALD, GIGAIMPACT, ROCKPOLISH, STONEEDGE, GYROBALL, ROCKSLIDE, SWAGGER, SLEEPTALK, SUBSTITUTE, ROCKSMASH, SECRETPOWER, CONFIDE, SURF, WATERFALL, DIVE, AURORABEAM, BIDE, BUBBLEBEAM, HAZE, KNOCKOFF, MUDDYWATER, REFLECTTYPE, SLAM, SPIKES, SUPERSONIC, TOXICSPIKES, WATERPULSE, WHIRLPOOL, WRINGOUT"/>
            <LVLUP lvl_1="HYDROPUMP, CONSTRICT, WITHDRAW, BITE"
                lvl_10="WATERGUN" lvl_16="ROLLOUT" lvl_19="LEER"
                lvl_25="MUDSHOT" lvl_28="BRINE" lvl_34="PROTECT"
                lvl_37="ANCIENTPOWER" lvl_40="SPIKECANNON"
                lvl_48="TICKLE" lvl_56="ROCKBLAST" lvl_67="SHELLSMASH"
                lvl_7="BITE" lvl_75="HYDROPUMP"/>
        </MOVES>
    </Pokemon>
</ModelAnimator>
