<?xml version="1.0" encoding="UTF-8"?>
<ModelAnimator version="0.1">
    <model name="">
        <phase name="global" rotation="1,0,0,0" offset="0,0,0" scale="0.5"/>
        <metadata head="Head" headCap="-90,90"/>
        <phase type="flying">
            <part name="Right_wing_base">
                <component name="1" rotOffset="0,0,20" rotChange="0,0,-40" length="10" startKey="0"/>
                <component name="2" rotChange="0,0,40" length="10" startKey="10"/>
            </part>
            <part name="Right_wing_pt2">
                <component name="1" rotChange="0,0,-15" length="10" startKey="0"/>
                <component name="2" rotChange="0,0,15" length="10" startKey="10"/>
            </part>
            <part name="Right_wing_pt3">
                <component name="1"  rotOffset="0,0,20" rotChange="0,0,15" length="10" startKey="0"/>
                <component name="2" rotChange="0,0,-15" length="10" startKey="10"/>
            </part>
            <part name="Left_wing_base">
                <component name="1" rotOffset="0,0,-20" rotChange="0,0,40" length="10" startKey="0"/>
                <component name="2" rotChange="0,0,-40" length="10" startKey="10"/>
            </part>
            <part name="Left_wing_pt2">
                <component name="1" rotChange="0,0,15" length="10" startKey="0"/>
                <component name="2" rotChange="0,0,-15" length="10" startKey="10"/>
            </part>
            <part name="Left_wing_pt3">
                <component name="1" rotOffset="0,0,-20" rotChange="0,0,-15" length="10" startKey="0"/>
                <component name="2" rotChange="0,0,15" length="10" startKey="10"/>
            </part>
            <part name="Tail_base">
                <component name="1" rotChange="-4,0,0" length="10" startKey="0"/>
                <component name="2" rotChange="4,0,0" length="10" startKey="10"/>
            </part>
            <part name="Tail_pt2">
                <component name="1" rotChange="-15,0,0" length="10" startKey="0"/>
                <component name="2" rotChange="15,0,0" length="10" startKey="10"/>
            </part>
            <part name="Tail_pt3">
                <component name="1" rotChange="15,0,0" length="10" startKey="0"/>
                <component name="2" rotChange="-15,0,0" length="10" startKey="10"/>
            </part>
        </phase>
        <phase type="idle">
            <part name="Right_wing_base">
                <component name="1" rotOffset="0,0,-20" length="10" startKey="0"/>
            </part>
            <part name="Left_wing_base">
                <component name="1" rotOffset="0,0,20" length="10" startKey="0"/>
            </part>
            <part name="Right_wing_pt2">
                <component name="1" rotOffset="0,0,-25" length="10" startKey="0"/>
            </part>
            <part name="Left_wing_pt2">
                <component name="1" rotOffset="0,0,25" length="10" startKey="0"/>
            </part>
            <part name="Right_wing_pt3">
                <component name="1" rotOffset="-40,0,55" length="10" startKey="0"/>
            </part>
            <part name="Left_wing_pt3">
                <component name="1" rotOffset="-40,0,-55" length="10" startKey="0"/>
            </part>
        </phase>
    </model>
</ModelAnimator>
