<?xml version="1.0" encoding="UTF-8"?>
<ModelAnimator version="0.1">
    <model name="">
        <phase name="global" rotation="1,0,0,0" offset="0,0,0" scale="3.0"/>
        <metadata headCap="-30,30" headAxis="1" headAxis2="0" headDir="1" head="Neck"/>
        <phase name="biWalk" leftLeg="HipL" rightLeg="HipR" leftArm="L_shoulder" rightArm="R_shoulder" duration="10" legAngle="45" armAngle="50"/>
    </model>
    <details>
        <RIDDENOFFSET>0.8</RIDDENOFFSET>
    </details>
</ModelAnimator>
