<?xml version="1.0" encoding="UTF-8"?>
<ModelAnimator version="0.1">
    <model name="">
        <phase name="global" rotation="1,0,0,0" offset="0,0,0" scale="0.3"/>
        <metadata head="head" headCap="-60,60" headAxis="1" headAxis2="2" headDir="1"/>
        <customTex default="Vivillon Highplains">
            <forme name="Vivillon Sun" tex="Vivillon Sun"/>
            <forme name="Vivillon Ocean" tex="Vivillon Ocean"/>
            <forme name="Vivillon Elegant" tex="Vivillon Elegant"/>
            <forme name="Vivillon Hell" tex="Vivillon Hell"/>
            <forme name="Vivillon End" tex="Vivillon End"/>
            <forme name="Vivillon Highplains" tex="Vivillon Highplains"/>
            <forme name="Vivillon IcySnow" tex="Vivillon IcySnow"/>
            <forme name="Vivillon Modern" tex="Vivillon Modern"/>
            <forme name="Vivillon Monsoon" tex="Vivillon Monsoon"/>
            <forme name="Vivillon Polar" tex="Vivillon Polar"/>
            <forme name="Vivillon Sandstorm" tex="Vivillon Sandstorm"/>
            <forme name="Vivillon LK 1Ksub" tex="Vivillon LK 1Ksub"/>
        </customTex> 
    </model>
    <Pokemon name="Vivillon" number="666">
        <STATS>
            <EVOLUTIONMODE>L-1</EVOLUTIONMODE>
            <CAPTURERATE>255</CAPTURERATE>
            <EVOLUTIONANIMATION>tile crack_3</EVOLUTIONANIMATION>
            <SPECIES>Insecta</SPECIES>
            <MOVEMENTTYPE>flying</MOVEMENTTYPE>
            <MASSKG>17.0</MASSKG>
            <EXPYIELD>185</EXPYIELD>
            <BASEFRIENDSHIP>70</BASEFRIENDSHIP>
            <LOGIC shoulder="FALSE"/>
            <EXPERIENCEMODE>Medium Fast</EXPERIENCEMODE>
            <GENDERRATIO>127</GENDERRATIO>
            <BASESTATS atk="52" def="50" hp="80" spatk="90" spd="89" spdef="50"/>
            <EVYIELD hp="1" spatk="1" spd="1"/>
            <SIZES height="1.2" length="1.2" width="1.2"/>
            <TYPE type1="Bug" type2="Flying"/>
            <ABILITY hidden="Friend Guard" normal="Shield Dust, Compoundeyes"/>
        </STATS>
        <MOVES>
            <MISC moves="CALMMIND, TOXIC, HIDDENPOWER, SUNNYDAY, HYPERBEAM, LIGHTSCREEN, PROTECT, RAINDANCE, ROOST, SAFEGUARD, FRUSTRATION, SOLARBEAM, RETURN, PSYCHIC, DOUBLETEAM, AERIALACE, FACADE, REST, ATTRACT, THIEF, ROUND, ENERGYBALL, ACROBATICS, GIGAIMPACT, FLASH, STRUGGLEBUG, PSYCHUP, INFESTATION, DREAMEATER, SWAGGER, SLEEPTALK, UTURN, SUBSTITUTE, SECRETPOWER, CONFIDE, POISONPOWDER, RAGEPOWDER, STUNSPORE"/>
            <LVLUP
                lvl_1="POWDER, SLEEPPOWDER, POISONPOWDER, STUNSPORE, GUST, LIGHTSCREEN"
                lvl_12="STRUGGLEBUG" lvl_17="PSYBEAM"
                lvl_21="SUPERSONIC" lvl_25="DRAININGKISS"
                lvl_31="AROMATHERAPY" lvl_35="BUGBUZZ"
                lvl_41="SAFEGUARD" lvl_45="QUIVERDANCE"
                lvl_50="HURRICANE" lvl_55="POWDER"/>
        </MOVES>
    </Pokemon>
    <Pokemon name="Vivillon Sun" number="666"/>
    <Pokemon name="Vivillon Ocean" number="666"/>
    <Pokemon name="Vivillon Elegant" number="666"/>
    <Pokemon name="Vivillon Hell" number="666"/>
    <Pokemon name="Vivillon End" number="666"/>
    <Pokemon name="Vivillon Highplains" number="666"/>
    <Pokemon name="Vivillon IcySnow" number="666"/>
    <Pokemon name="Vivillon Modern" number="666"/>
    <Pokemon name="Vivillon Monsoon" number="666"/>
    <Pokemon name="Vivillon Polar" number="666"/>
    <Pokemon name="Vivillon Sandstorm" number="666"/>
    <Pokemon name="Vivillon LK 1Ksub" number="666"/>
</ModelAnimator>